text,true_emotion,predicted_emotion
@SSheil coincidentally watched Ulzana's Raid last night - brutally indignant filmmaking.,anger,anger
Literally fuming fuck sake,anger,anger
I think @Sam_Canaday &amp; @KYLEJDOWSON must actually have to be working like me &amp; @dowson_brady because I havent got any snap chat videos today,anger,sadness
@LeonWobYP b***er off. NCFC is a grudge match :),anger,joy
"@marcavis @AntisocialJW2 I've always been fiery, but never radical.",anger,anger
It's the most magical time of the year......Xmas party announced and the #outrage commences. Gotta love Silicon Valley millennials.,anger,anger
"(Sam) Brown's Law: Never offend people with style when you can fake that, you have to break us in this Island.",anger,anger
"Kik to trade, have fun or a conversation  (kik: youraffair) #kik #kikme #messageme #textme #pics #trade #tradepics #dm #snap #bored",anger,joy
Just seeing Alex revells face gets me angry,anger,anger
@ZubairSabirPTI  pls dont insult the word 'Molna',anger,anger
@DailyMirror i love how theres no outrage that it's a white man but if it was a black man them BLM would be all over it regardless of reason,anger,anger
@fluffysoftlouis no no. I insist that you give me your best insult first,anger,joy
@Jen_ny69 People will always get offended everyone's situation is different! Just because we have kids doesn't mean we have to settle,anger,joy
@DJ_JeanFranko growl!!!,anger,anger
"@Yoshi_OnoChin can you please not have Canadian players play US players, that lag  is atrocious. #fixthisgame #trash #sfvrefund ",anger,anger
"Why to have vanity sizes?Now sizes S,XS(evenXXS sometimes) are too big, WTF?! Dear corporate jerks, Lithuania didn't need this. #rant ",anger,anger
Sorry guys I have absolutely no idea what time i'll be on cam tomorrow but will keep you posted. #fuming,anger,anger
#oow16 #sting decent new song,anger,joy
@TrueAggieFan oh so that's where Brian was! Where was my invite? ,anger,anger
Eat my ass' is no longer an insult,anger,joy
@lukeshawtime terrible,fear,sadness
On @Varneyco/@FoxBusiness to talk latest on #Chelsea Bombing + #Ahmad_Khan_Rahami's trips to #Afghanistan/#Pakistan #tcot #terror,fear,fear
"@soozclifford Sure have... Sydney are too tough, too quick and their 'team' pressure is too much for the Cats to handle. Motlop/Cowan #timid",fear,anger
I want to be a woman who #overcomes obstacles by tackling them in #faith instead of tiptoeing around them in #fear. Renee Swope,fear,fear
This is #horrible: Lewis Dunk has begun networking #a Neo-Geo with a his holiday home in Mexico.,fear,anger
Tweeting from the sporadic wifi on the tube #perilous,fear,fear
"Gahh...BT, in queue for 30 minutes.. Now put through to BT Sport dept to cancel... back in a queue again... ",fear,anger
"Ever been really lonely and your phone keeps blowing up, but you just can’t pick it up and respond to people?  #recluse #issues",fear,sadness
@Evan_McMullin @TheBlazeRadio Classic SHITLIB bullshit. Create a horrible problem and then 'discuss' how to solve it. What a PIMP.,fear,anger
The Apocalypse has hit our gym and it's  nothing what I thought it would be...\n\nEveryone is wearing vests! What if it's contagious? ,fear,fear
Okay. Brace yourself. I will attempt my first loaf of bread in the morning. I will use a dutch oven. I will make the dough now. #nervous,fear,fear
And I cried in front of my guy last night. And it's just been a horrible week but it's only for a week,fear,sadness
"it's horrible cos no one can relate,  everyone is happy and dandy in one way or another",fear,sadness
@CNNPolitics I can't wait to hear what he had to say about the brilliant Dr. Hawking... it should be rich... In the poorest of taste! ,fear,anger
@mikefreemanNFL \nIsn't OBrien supposed to be some sort of offensive genius #awful,fear,anger
"Really.....#Jumanji 2....w/ The Rock, Jack Black, and Kevin Hart...are you kidding me! WTF! #ThisIsATerribleIdea ",fear,anger
@RyanAbe awe yay thank god I was so worried.,fear,joy
When you're scared to press send #bgoodthepoet #PrayForMe #ThisIsAGodDream #career #help  #heart #HeartRacing,fear,fear
Bout ta get my @dontbreathe on up in here! @WarrenTheaters #nervous #icantholdmybreaththatlong,fear,fear
@CesarSampao @thisisbolton don't get me started on town centre. Used to go every week.... not been for 18 months #horrible,fear,sadness
@harrietemmett great minds think alike. ,joy,joy
@GigaFag @pipertownsend_ snapchat new would beg to differ #optimism,joy,joy
Tutoring gives me such an exhilarating feeling. I love helping people 😌,joy,joy
"If yiu don't respond .o an email within 7 days, you willxbe killed by an animated gif of the girl froa The Ri.g.",joy,fear
@kwelbyroberts they will come and you will rejoice at their arrival.,joy,joy
It feels good to get outside for a minute and get some fresh air.  It's hard to stay cooped up inside all day #breezy,joy,joy
"Be it a rainy day, be it cheerful sunshine, I am a Prussian, want nothing to be but a Prussian.:|",joy,joy
Somebody who has braved the storm is brewing. ,joy,anger
I love my family so much #lucky #grateful #smartassfamily  #love,joy,joy
@yungdoujin wouldn't that basically be sparkling water,joy,joy
"it gets better. without explanation; you just wake up one morning and you’re just happy, totally and utterly elated.",joy,joy
@harrietemmett great minds think alike. #rejoice,joy,joy
"@len_snart Mick nods. 'I would like that.' He went back to his food, smiling as he finished it.",joy,joy
Metal keeps you young and spry and keeps your hair luxurious.\n\nYES\n\nSHUT UP AND LISTEN TO ME,joy,anger
"...at your age, the heyday in the blood is tame...' @TheArtofCharm #shakespeareaninsults #hamlet #elizabethan #williamshakespeare",joy,anger
"@Casper10666 I assure you there is no laughter, but increasing anger at the costs, and arrogance of Westminster.",joy,anger
@Gronnhair @buryprofs @DittoBistro it was indeed lovely and the team were incredibly attentive and on the ball. Cheese was a lively gesture!,joy,joy
"I'm absolutely in love with Laurie Hernandez, she's so adorable and is always so cheerful!",joy,joy
"@diehimbeertonis She developed her 'forced smile'. I can force myself to describe it 'a little hearty maybe, sanki biraz':)",joy,joy
@GameGrumps THANK YOU SO MUCH FOR COMING TO DETROIT I'm going to sob joyful rainbows now brb,joy,joy
Should of stayed in Dubai 😞,sadness,sadness
watching this uni reveal is so depressing i miss stingrays :(,sadness,sadness
It feel like we lost a family member🙄😂,sadness,joy
aaahhhh! a little @OtisRedding to soothe the soul. #music #blues,sadness,joy
Soooo badly want to dye my hair dark but have never been dark before soooo torn 😭😭😭,sadness,fear
This world has some serious issues we should all go to therapy,sadness,sadness
and for inconsolable Oxford academics - 'Brussels should just ignore the #Brexit vote and tell the UK it can't leave the EU....ever....wah',sadness,anger
Don't depress yourself by comparing yourself. No comparisons.,sadness,sadness
My life went from happy to unhappy..,sadness,sadness
This shit hurting my heart 😪 that's how serious it is .,sadness,sadness
"@GolfStrat out of Rory starts. What would your B group look like w/o him? Hideki and Walker, and throw Reed or Knox on the pine?",sadness,anger
@Barcabhoy1 Of course not. Didn't sink his studs into a knee like Forrester,sadness,anger
"I'd rather laugh with the rarest genius, in beautiful alliance with his own being, where he kept his sadness. #melancholy",sadness,sadness
"@Eeevah14 don't I know it, try not to fret my sweet little pupper",sadness,sadness
you are on an endless journey of figuring yourself out; don't be discouraged when you don't know who you are yet.,sadness,joy
"@GRIPLIKEAVICE_ I wouldn't mind if it didn't you know, threaten my job when I disagree. Puts a damper on things.",sadness,anger
I feel like an appendix. I don't have a purpose.  #depressed  #alone #lonely #broken  #cry #hurt #crying #life,sadness,sadness
On bedrest since I got out of the hospital. U find in unopened beer.. what do I do. Pour that shit out! No alcohol at all for me #sober,sadness,anger
"We are about a little over an hour away! We will arrive soon, do not fret!",sadness,joy
"@CovinoandRich just heard back2back,  guess that's why they call it the blues &amp; she's got the look, but I can only sing tickle sacks version",sadness,joy
